state,institution_count,undergrad_enrollment,completion_rate,retention_rate,withdrawal_3yr_rate,pell_share,federal_loan_share,student_faculty_ratio,net_price,low_completion_institution_share
AK,10,15516.0,0.36917025006444965,0.7205257731169628,0.4366339115133536,0.25880677365300336,0.23903522170662542,13.57727507089456,14025.819283320443,0.5
AL,84,216635.0,0.5173797057882654,0.7302802175460951,0.2912297728194743,0.3225266900547003,0.34544001615620745,18.482862879959377,16058.28625312365,0.4647887323943662
AR,85,111712.0,0.5127901218022355,0.7226381085954718,0.289556633704137,0.3425806205297598,0.3487030668421195,16.13639537381839,14244.385706740488,0.4027777777777778
AS,1,884.0,0.4774,,0.619952494062,0.6717,0.0,12.0,4812.0,0.0
AZ,121,476695.0,0.40557858408503245,0.6653300100903636,0.30872289047089635,0.353210697615876,0.35960413702682004,38.3738176402102,15370.296135397946,0.3563218390804598
CA,672,2089426.0,0.5057647837866451,0.7587781912209438,0.3061633599817367,0.3118038463692834,0.15179549290852293,22.655279966842567,11109.225992997324,0.2230769230769231
CO,88,251006.0,0.48824056720605963,0.7355096307946479,0.2993863946540922,0.2884779911541377,0.31747695900173917,19.393831223158013,16904.350492514433,0.2361111111111111
CT,63,153222.0,0.5484926479717859,0.735176813385811,0.24291185057812076,0.37196083238574745,0.42264892172392715,14.163122789155604,22319.328181770314,0.04
DC,24,55452.0,0.646824118517449,0.7778527196197249,0.20721896852466565,0.2947106181923105,0.3167691733391041,16.038267330303686,33899.38161716651,0.1875
DE,19,45512.0,0.4926191866781968,0.7741942784765897,0.24557294750654182,0.27076176173316924,0.3895696629460362,14.26623747583055,14312.859008654603,0.25
FL,393,815594.0,0.569391196123273,0.8151515882023724,0.2680469941158694,0.3647593941861192,0.2717894141363112,21.61798026959492,13977.941143742797,0.13131313131313133
FM,1,1740.0,0.2947,0.6596,0.711805555556,0.6348,0.0,16.0,7012.0,1.0
GA,167,413459.0,0.4806914550446122,0.7308454201900952,0.2689630130235519,0.38511042836169956,0.31164137193772534,18.9311152980102,15012.229835800443,0.453125
GU,3,3891.0,0.3582375481881264,0.7614002663622526,0.4907489066676682,0.3800969416602416,0.08037057311745052,14.338730403495246,7826.79054227705,0.3333333333333333
HI,22,40766.0,0.4633836286008735,0.67980986331006,0.3034516403142383,0.2515406466172791,0.19120088799489773,15.097188833832115,12648.063180881343,0.42105263157894735
IA,75,133508.0,0.5819662373456698,0.7605263956447751,0.22654120777578268,0.23344572085567905,0.3998252846271384,16.221267639392394,16985.690374934256,0.17391304347826086
ID,36,94707.0,0.5253681645468575,0.714833385645303,0.30755432289459345,0.24032573093857898,0.20304520468391987,18.560190904579386,11693.872372372372,0.16666666666666666
IL,245,454796.0,0.5221935093609237,0.7426250884756451,0.2612597112692025,0.3339008443513117,0.3192274596679325,17.587889955056774,15299.246287651451,0.19786096256684493
IN,143,300770.0,0.5850523683785094,0.7078775590417438,0.26739043084818526,0.2740108471589586,0.33820313794593876,17.754094490806928,14223.272998743538,0.2391304347826087
KS,81,127550.0,0.5155352981974952,0.7199077003270807,0.26994181719989707,0.25467066604944566,0.31666095344950695,16.210490003920032,15396.993199476761,0.29577464788732394
KY,87,166653.0,0.5251200372584958,0.7470498433810124,0.30438534902486875,0.32183155898783694,0.32050309505379443,16.897463592014546,11969.97699313385,0.21794871794871795
LA,116,182378.0,0.47792193361550456,0.7016705557167084,0.2692121152253411,0.4035278044351511,0.39722331040554676,19.07705424996436,15734.125174427041,0.28
MA,147,301409.0,0.6516958915506235,0.8157407333232186,0.1920090270622737,0.25014687053140416,0.39025341379985334,13.290263396248951,24039.673401455333,0.18181818181818182
MD,79,247501.0,0.4803379169176176,0.7197532187827164,0.2795590219932765,0.2921336271169703,0.2550219868661433,16.035252382818655,14451.79981514256,0.3333333333333333
ME,39,52765.0,0.5087271733156449,0.6881936991753248,0.29510995712331106,0.2873451606178338,0.3375574926561168,17.477001800435897,16873.424561736,0.2903225806451613
MH,2,1216.0,0.1418,,0.829317269076,0.9552,0.0,18.0,11050.0,1.0
MI,173,364693.0,0.518449016830712,0.7625675826080875,0.26089428094019135,0.2881804018722597,0.3306407200028517,16.035934333809532,13653.302709804202,0.27972027972027974
MN,109,216273.0,0.519681402186344,0.716313329873774,0.250119692136624,0.2765125258354024,0.3741270607056822,19.001364016775096,17268.13199838886,0.21686746987951808
MO,153,207779.0,0.52792028974981,0.7527070296029036,0.2585294090306427,0.29007322636070054,0.3120933361889315,15.528176572223371,15657.698982889411,0.225
MP,1,1236.0,0.4216,0.5926,0.43604651162799996,0.7371,0.0,21.0,2795.0,0.0
MS,56,119664.0,0.5067796724171189,0.7190812388326385,0.2889989292048861,0.4021946588430001,0.32741605105443966,17.485592993715738,11281.90768804985,0.2857142857142857
MT,30,36127.0,0.4812504303501296,0.7272275258485054,0.3403659191240225,0.2342908378774877,0.32493545824452624,16.04246131702051,17295.79208469597,0.39285714285714285
NC,175,408904.0,0.5421454979342484,0.7550778790421925,0.2781127991701265,0.32627775296891204,0.2822422527047913,15.159516659166943,13470.562622709827,0.32903225806451614
ND,26,35309.0,0.5678546857741651,0.7582283438191774,0.23071941335498022,0.20634115098133624,0.4043732646067575,14.936560083831317,15299.491800957263,0.24
NE,40,88012.0,0.5252261976907008,0.7285800463154984,0.24037229115515824,0.24974566650002272,0.3187432702358769,15.049016043266827,16358.131464775153,0.21621621621621623
NH,32,194783.0,0.4816844371167062,0.6349051242818047,0.3393474657832759,0.42115765390203463,0.5737348705995902,21.79450978781516,31596.870709934563,0.25
NJ,154,307405.0,0.5488279784459342,0.7665776528570271,0.23618422433770864,0.37668852003057857,0.32612169808558744,16.843262146028856,16536.748041669485,0.3111111111111111
NM,43,77856.0,0.38540099363712316,0.6569960170057542,0.37567951219571993,0.33356351084052616,0.20398439169749286,15.804395293875874,9026.974003288122,0.6
NV,38,93803.0,0.41049681443745933,0.7682766423489472,0.31229980912375255,0.3320791563169621,0.2392914320437513,19.088824451243564,11601.154085401413,0.22580645161290322
NY,428,790887.0,0.573122016107737,0.7625670059518225,0.2165017499847561,0.3679226259821144,0.3156065926115246,15.004488631119237,18145.105130461423,0.2768361581920904
OH,286,431490.0,0.549166627765056,0.753746083730092,0.2650398029692317,0.26686218570818876,0.3744490552689688,16.527778164036246,17602.59731716513,0.2530612244897959
OK,104,151133.0,0.47761024220991527,0.7126011526099967,0.2791475568520043,0.31367552156047984,0.31266368562789065,17.28766053740745,13545.585693408928,0.34444444444444444
OR,73,154466.0,0.48555687812813636,0.7384077358411176,0.2912788916841545,0.28347167014100194,0.328841409112685,17.372295521344505,16483.754413569768,0.296875
PA,331,468607.0,0.6030455190347725,0.7879718852248356,0.21100351135031464,0.28140319329668073,0.4806327497524246,14.538858787854215,23909.776583325543,0.175
PR,143,141095.0,0.4637527261953208,0.7187349992848971,0.2738204340033947,0.7498883925154157,0.19120916152810263,19.143236826251815,8253.595962339956,0.2767857142857143
PW,1,386.0,0.3417,0.6632,0.619318181818,0.7202999999999999,0.0,9.0,2810.0,1.0
RI,23,62562.0,0.6193871163374302,0.7757472555225217,0.20033102240537679,0.26923367699242357,0.4157002397621559,13.016735398484704,24105.16856877977,0.10526315789473684
SC,95,196420.0,0.5139516944123275,0.7327057313132072,0.2655757244735448,0.3182148121372569,0.3471502301191325,16.461388860604828,15266.201625418607,0.40476190476190477
SD,26,34493.0,0.5534536799302934,0.7820531954225353,0.24483909768442405,0.22556090511118196,0.42928121357956683,14.550865392978286,17856.836069876637,0.22727272727272727
TN,153,240082.0,0.505399548891129,0.7029273309710744,0.2868524575147357,0.34634853566770973,0.2970846783635477,17.494426904141086,14646.343560955174,0.2153846153846154
TX,415,1199853.0,0.45206413820773633,0.7493332884357546,0.2824475008564587,0.3464384851400302,0.26996615421458736,20.071117400801935,13034.698424476434,0.2947976878612717
UT,64,326270.0,0.5329612832523959,0.6901053032254898,0.2542549418898837,0.2817572657852223,0.2700547774879141,29.255775891133112,11569.123841874814,0.07142857142857142
VA,163,375344.0,0.5899775262431124,0.7747118835551969,0.2544456952172893,0.29634941746253024,0.33055277008494843,17.985330789888742,18472.260700935967,0.275
VI,2,1431.0,0.2857,0.7644,0.339066339066,0.4623,0.1691,10.0,7563.0,1.0
VT,16,29176.0,0.6605237901014531,0.7808978429049346,0.17959538678495135,0.19905009939676446,0.38203640320811627,14.036194132163422,23281.77865368796,0.15384615384615385
WA,106,219035.0,0.5389144898894951,0.8058381215054411,0.2780961493999791,0.23107586869678368,0.21863593580934554,16.306097199077772,14275.672214880493,0.367816091954023
WI,89,225449.0,0.5904022905590139,0.7746853769287971,0.25016669115849055,0.2319931341456383,0.34900116966586675,15.986901693952957,15539.17231454667,0.11842105263157894
WV,68,100695.0,0.514202644460363,0.8040649737154485,0.3268266948669308,0.312467941804459,0.2819700610755251,20.900283032921198,10552.387306202516,0.25396825396825395
WY,10,19283.0,0.5014280921018514,0.7288223543475525,0.3397368385449125,0.2256963802312918,0.2332849764040865,13.75330602084738,12001.908727895037,0.3
