feature,importance_mean,importance_std
tuition_in_state,0.0988385384763671,0.005854740473336426
retention_rate,0.05426564793807554,0.004409719214940851
predominant_degree,0.051738581365399716,0.003976528394226196
full_time_faculty_share,0.005805047674125476,0.0024037261137683386
control,0.003955978571453013,0.0014203385135976951
pell_share,0.0018763310143598462,0.000859814309138112
average_faculty_salary,0.0003597018185634293,0.0012923511025006488
locale_group,0.0,0.0
age_25_plus_share,0.0,0.0
distance_only,-0.0001801610277854989,0.00027273349978567996
student_faculty_ratio,-0.0003449159386367621,0.0006052737601984384
net_price,-0.0005131427508979954,0.0010292776056708348
instructional_spend_per_fte,-0.0009000922228267852,0.0007393851615793971
federal_loan_share,-0.0016322356706715742,0.002190271570979315
admission_rate,-0.00224947130141979,0.0012845023271999022
log_undergrad_enrollment,-0.0028040273486022913,0.0012379092111997616
